{
  "results_json": "/workspace/retrieval_rerank/output_fusion/final_results.json",
  "rank_key": "final_rank",
  "num_queries": 290,
  "num_matches": 284,
  "num_misses": 6,
  "hit_at_1": 0.5620689655172414,
  "hit_at_5": 0.8344827586206897,
  "hit_at_10": 0.9,
  "hit_at_50": 0.9793103448275862,
  "mean_rank": 3.3028169014084505,
  "median_rank": 1.0
}