{
  "results_json": "/workspace/retrieval_rerank/outputs2/final_results.json",
  "rank_key": "final_rank",
  "num_queries": 290,
  "num_matches": 284,
  "num_misses": 6,
  "hit_at_1": 0.5137931034482759,
  "hit_at_5": 0.7827586206896552,
  "hit_at_10": 0.8827586206896552,
  "hit_at_50": 0.9793103448275862,
  "mean_rank": 3.8943661971830985,
  "median_rank": 1.0
}