{
  "results_json": "/workspace/retrieval_rerank/outputs2/stage1_retrieval.json",
  "rank_key": "visual_rank",
  "num_queries": 290,
  "num_matches": 284,
  "num_misses": 6,
  "hit_at_1": 0.5275862068965518,
  "hit_at_5": 0.7758620689655172,
  "hit_at_10": 0.8758620689655172,
  "hit_at_50": 0.9793103448275862,
  "mean_rank": 4.077464788732394,
  "median_rank": 1.0
}