{
  "results_json": "/workspace/retrieval_rerank/outputs/final_results.json",
  "rank_key": "final_rank",
  "num_queries": 290,
  "num_matches": 284,
  "num_misses": 6,
  "hit_at_1": 0.5344827586206896,
  "hit_at_5": 0.7896551724137931,
  "hit_at_10": 0.8758620689655172,
  "hit_at_50": 0.9793103448275862,
  "mean_rank": 3.887323943661972,
  "median_rank": 1.0
}